application_id,document_id,document_filename,declared_document_type,upload_channel,product,borrower_id,applicant_name,gender,pan_number,masked_aadhaar,employer_name,document_date
APP-0001,APP-0001-DOC-01,applications/app-0001/app-0001-doc-01-salary_slip.pdf,salary_slip,los_upload,PL,BOR-0001,Asha Menon,Female,TSTAA1000Z,XXXX XXXX 1000,Synthetic Employer 01,2026-07-24
APP-0001,APP-0001-DOC-02,applications/app-0001/app-0001-doc-02-bank_statement.pdf,bank_statement,los_upload,PL,BOR-0001,Asha Menon,Female,TSTAA1000Z,XXXX XXXX 1000,Synthetic Employer 01,2026-07-24
APP-0001,APP-0001-DOC-03,applications/app-0001/app-0001-doc-03-pan_card.pdf,pan_card,los_upload,PL,BOR-0001,Asha Menon,Female,TSTAA1000Z,XXXX XXXX 1000,Synthetic Employer 01,2026-07-24
APP-0001,APP-0001-DOC-04,applications/app-0001/app-0001-doc-04-aadhaar_card.pdf,aadhaar_card,los_upload,PL,BOR-0001,Asha Menon,Female,TSTAA1000Z,XXXX XXXX 1000,Synthetic Employer 01,2026-07-24
APP-0001,APP-0001-DOC-05,applications/app-0001/app-0001-doc-05-passport_photo.pdf,passport_photo,los_upload,PL,BOR-0001,Asha Menon,Female,TSTAA1000Z,XXXX XXXX 1000,Synthetic Employer 01,2026-07-24
APP-0002,APP-0002-DOC-01,applications/app-0002/app-0002-doc-01-salary_slip.pdf,salary_slip,portal,PL,BOR-0002,Rajiv Nair,Male,TSTAA1001Z,XXXX XXXX 1001,Synthetic Employer 02,2026-07-25
APP-0002,APP-0002-DOC-02,applications/app-0002/app-0002-doc-02-bank_statement.pdf,bank_statement,portal,PL,BOR-0002,Rajiv Nair,Male,TSTAA1001Z,XXXX XXXX 1001,Synthetic Employer 02,2026-07-25
APP-0002,APP-0002-DOC-03,applications/app-0002/app-0002-doc-03-pan_card.pdf,pan_card,portal,PL,BOR-0002,Rajiv Nair,Male,TSTAA1001Z,XXXX XXXX 1001,Synthetic Employer 02,2026-07-25
APP-0002,APP-0002-DOC-04,applications/app-0002/app-0002-doc-04-aadhaar_card.pdf,aadhaar_card,portal,PL,BOR-0002,Rajiv Nair,Male,TSTAA1001Z,XXXX XXXX 1001,Synthetic Employer 02,2026-07-25
APP-0002,APP-0002-DOC-05,applications/app-0002/app-0002-doc-05-passport_photo.pdf,passport_photo,portal,PL,BOR-0002,Rajiv Nair,Male,TSTAA1001Z,XXXX XXXX 1001,Synthetic Employer 02,2026-07-25
APP-0003,APP-0003-DOC-01,applications/app-0003/app-0003-doc-01-salary_slip.pdf,salary_slip,email,PL,BOR-0003,Arjun Rao,Male,TSTAA1002Z,XXXX XXXX 1002,Synthetic Employer 03,2026-04-17
APP-0003,APP-0003-DOC-02,applications/app-0003/app-0003-doc-02-bank_statement.pdf,bank_statement,email,PL,BOR-0003,Arjun Rao,Male,TSTAA1002Z,XXXX XXXX 1002,Synthetic Employer 03,2026-04-17
APP-0003,APP-0003-DOC-03,applications/app-0003/app-0003-doc-03-pan_card.pdf,pan_card,email,PL,BOR-0003,Arjun Rao,Male,TSTAA1002Z,XXXX XXXX 1002,Synthetic Employer 03,2026-04-17
APP-0003,APP-0003-DOC-04,applications/app-0003/app-0003-doc-04-aadhaar_card.pdf,aadhaar_card,email,PL,BOR-0003,Arjun Rao,Male,TSTAA1002Z,XXXX XXXX 1002,Synthetic Employer 03,2026-04-17
APP-0003,APP-0003-DOC-05,applications/app-0003/app-0003-doc-05-passport_photo.pdf,passport_photo,email,PL,BOR-0003,Arjun Rao,Male,TSTAA1002Z,XXXX XXXX 1002,Synthetic Employer 03,2026-04-17
APP-0004,APP-0004-DOC-01,applications/app-0004/app-0004-doc-01-salary_slip.pdf,salary_slip,portal,PL,BOR-0004,Kavya Iyer,Female,TSTAA1003Z,XXXX XXXX 1003,Synthetic Employer 04,2026-07-27
APP-0004,APP-0004-DOC-02,applications/app-0004/app-0004-doc-02-bank_statement.pdf,bank_statement,portal,PL,BOR-0004,Kavya Iyer,Female,TSTAA1003Z,XXXX XXXX 1003,Synthetic Employer 04,2026-07-27
APP-0004,APP-0004-DOC-03,applications/app-0004/app-0004-doc-03-pan_card.pdf,pan_card,portal,PL,BOR-0004,Kavya Iyer,Female,TSTAA1003Z,XXXX XXXX 1003,Synthetic Employer 04,2026-07-27
APP-0004,APP-0004-DOC-04,applications/app-0004/app-0004-doc-04-aadhaar_card.pdf,aadhaar_card,portal,PL,BOR-0004,Kavya Iyer,Female,TSTAA1003Z,XXXX XXXX 1003,Synthetic Employer 04,2026-07-27
APP-0004,APP-0004-DOC-05,applications/app-0004/app-0004-doc-05-passport_photo.pdf,passport_photo,portal,PL,BOR-0004,Kavya Iyer,Female,TSTAA1003Z,XXXX XXXX 1003,Synthetic Employer 04,2026-07-27
APP-0005,APP-0005-DOC-01,applications/app-0005/app-0005-doc-01-salary_slip.pdf,salary_slip,los_upload,PL,BOR-0005,Vikram Shah,Male,TSTAA1004Z,XXXX XXXX 1004,Synthetic Employer 01,2026-07-28
APP-0005,APP-0005-DOC-02,applications/app-0005/app-0005-doc-02-bank_statement.pdf,bank_statement,los_upload,PL,BOR-0005,Vikram Shah,Male,TSTAA1004Z,XXXX XXXX 1004,Synthetic Employer 01,2026-07-28
APP-0005,APP-0005-DOC-03,applications/app-0005/app-0005-doc-03-pan_card.pdf,pan_card,los_upload,PL,BOR-0005,Vikram Shah,Male,TSTAA1004Z,XXXX XXXX 1004,Synthetic Employer 01,2026-07-28
APP-0005,APP-0005-DOC-04,applications/app-0005/app-0005-doc-04-aadhaar_card.pdf,aadhaar_card,los_upload,PL,BOR-0005,Vikram Shah,Male,TSTAA1004Z,XXXX XXXX 1004,Synthetic Employer 01,2026-07-28
APP-0005,APP-0005-DOC-05,applications/app-0005/app-0005-doc-05-passport_photo.pdf,passport_photo,los_upload,PL,BOR-0005,Vikram Shah,Male,TSTAA1004Z,XXXX XXXX 1004,Synthetic Employer 01,2026-07-28
APP-0006,APP-0006-DOC-01,applications/app-0006/app-0006-doc-01-salary_slip.pdf,salary_slip,portal,PL,BOR-0006,Kiran Kumar,Male,TSTAA1005Z,XXXX XXXX 1005,Synthetic Employer 02,2026-07-29
APP-0006,APP-0006-DOC-02,applications/app-0006/app-0006-doc-02-bank_statement.pdf,bank_statement,portal,PL,BOR-0006,Kiran Kumar,Male,TSTAA1005Z,XXXX XXXX 1005,Synthetic Employer 02,2026-07-29
APP-0006,APP-0006-DOC-03,applications/app-0006/app-0006-doc-03-pan_card.pdf,pan_card,portal,PL,BOR-0006,Kiran Kumar,Male,TSTAA1005Z,XXXX XXXX 1005,Synthetic Employer 02,2026-07-29
APP-0006,APP-0006-DOC-04,applications/app-0006/app-0006-doc-04-aadhaar_card.pdf,aadhaar_card,portal,PL,BOR-0006,Kiran Kumar,Male,TSTAA1005Z,XXXX XXXX 1005,Synthetic Employer 02,2026-07-29
APP-0006,APP-0006-DOC-05,applications/app-0006/app-0006-doc-05-passport_photo.pdf,passport_photo,portal,PL,BOR-0006,Kiran Kumar,Male,TSTAA1005Z,XXXX XXXX 1005,Synthetic Employer 02,2026-07-29
APP-0007,APP-0007-DOC-01,applications/app-0007/app-0007-doc-01-salary_slip.pdf,salary_slip,portal,PL,BOR-0007,Neha Kulkarni,Female,TSTAA1006Z,XXXX XXXX 1006,Synthetic Employer 03,2026-07-30
APP-0007,APP-0007-DOC-02,applications/app-0007/app-0007-doc-02-bank_statement.pdf,bank_statement,portal,PL,BOR-0007,Neha Kulkarni,Female,TSTAA1006Z,XXXX XXXX 1006,Synthetic Employer 03,2026-07-30
APP-0007,APP-0007-DOC-03,applications/app-0007/app-0007-doc-03-pan_card.pdf,pan_card,portal,PL,BOR-0007,Neha Kulkarni,Female,TSTAA1006Z,XXXX XXXX 1006,Synthetic Employer 03,2026-07-30
APP-0007,APP-0007-DOC-04,applications/app-0007/app-0007-doc-04-aadhaar_card.pdf,aadhaar_card,portal,PL,BOR-0007,Neha Kulkarni,Female,TSTAA1006Z,XXXX XXXX 1006,Synthetic Employer 03,2026-07-30
APP-0007,APP-0007-DOC-05,applications/app-0007/app-0007-doc-05-passport_photo.pdf,passport_photo,portal,PL,BOR-0007,Neha Kulkarni,Female,TSTAA1006Z,XXXX XXXX 1006,Synthetic Employer 03,2026-07-30
APP-0008,APP-0008-DOC-01,applications/app-0008/app-0008-doc-01-salary_slip.pdf,bank_statement,los_upload,PL,BOR-0008,Pradeep Reddy,Male,TSTAA1007Z,XXXX XXXX 1007,Synthetic Employer 04,2026-07-31
APP-0008,APP-0008-DOC-02,applications/app-0008/app-0008-doc-02-bank_statement.pdf,bank_statement,los_upload,PL,BOR-0008,Pradeep Reddy,Male,TSTAA1007Z,XXXX XXXX 1007,Synthetic Employer 04,2026-07-31
APP-0008,APP-0008-DOC-03,applications/app-0008/app-0008-doc-03-pan_card.pdf,pan_card,los_upload,PL,BOR-0008,Pradeep Reddy,Male,TSTAA1007Z,XXXX XXXX 1007,Synthetic Employer 04,2026-07-31
APP-0008,APP-0008-DOC-04,applications/app-0008/app-0008-doc-04-aadhaar_card.pdf,aadhaar_card,los_upload,PL,BOR-0008,Pradeep Reddy,Male,TSTAA1007Z,XXXX XXXX 1007,Synthetic Employer 04,2026-07-31
APP-0008,APP-0008-DOC-05,applications/app-0008/app-0008-doc-05-passport_photo.pdf,passport_photo,los_upload,PL,BOR-0008,Pradeep Reddy,Male,TSTAA1007Z,XXXX XXXX 1007,Synthetic Employer 04,2026-07-31
APP-0009,APP-0009-DOC-01,applications/app-0009/app-0009-doc-01-salary_slip.pdf,salary_slip,portal,PL,BOR-0009,Meera Joshi,Female,TSTAA1008Z,XXXX XXXX 1008,Synthetic Employer 01,2026-08-01
APP-0009,APP-0009-DOC-02,applications/app-0009/app-0009-doc-02-bank_statement.pdf,bank_statement,portal,PL,BOR-0009,Meera Joshi,Female,TSTAA1008Z,XXXX XXXX 1008,Synthetic Employer 01,2026-08-01
APP-0009,APP-0009-DOC-03,applications/app-0009/app-0009-doc-03-pan_card.pdf,pan_card,portal,PL,BOR-0009,Meera Joshi,Female,TSTAA1008Z,XXXX XXXX 1008,Synthetic Employer 01,2026-08-01
APP-0009,APP-0009-DOC-04,applications/app-0009/app-0009-doc-04-aadhaar_card.pdf,aadhaar_card,portal,PL,BOR-0009,Meera Joshi,Female,TSTAA1008Z,XXXX XXXX 1008,Synthetic Employer 01,2026-08-01
APP-0009,APP-0009-DOC-05,applications/app-0009/app-0009-doc-05-passport_photo.pdf,passport_photo,portal,PL,BOR-0009,Meera Joshi,Female,TSTAA1008Z,XXXX XXXX 1008,Synthetic Employer 01,2026-08-01
APP-0010,APP-0010-DOC-01,applications/app-0010/app-0010-doc-01-salary_slip.pdf,salary_slip,email,PL,BOR-0010,Rohit Desai,Male,TSTAA1009Z,XXXX XXXX 1009,Synthetic Employer 02,2026-08-02
APP-0010,APP-0010-DOC-02,applications/app-0010/app-0010-doc-02-bank_statement.pdf,bank_statement,email,PL,BOR-0010,Rohit Desai,Male,TSTAA1009Z,XXXX XXXX 1009,Synthetic Employer 02,2026-08-02
APP-0010,APP-0010-DOC-03,applications/app-0010/app-0010-doc-03-pan_card.pdf,pan_card,email,PL,BOR-0010,Rohit Desai,Male,TSTAA1009Z,XXXX XXXX 1009,Synthetic Employer 02,2026-08-02
APP-0010,APP-0010-DOC-04,applications/app-0010/app-0010-doc-04-aadhaar_card.pdf,aadhaar_card,email,PL,BOR-0010,Rohit Desai,Male,TSTAA1009Z,XXXX XXXX 1009,Synthetic Employer 02,2026-08-02
APP-0010,APP-0010-DOC-05,applications/app-0010/app-0010-doc-05-passport_photo.pdf,passport_photo,email,PL,BOR-0010,Rohit Desai,Male,TSTAA1009Z,XXXX XXXX 1009,Synthetic Employer 02,2026-08-02
APP-0011,APP-0011-DOC-01,applications/app-0011/app-0011-doc-01-salary_slip.pdf,salary_slip,email,PL,BOR-0011,Aditya Bose,Male,TSTAA1010Z,XXXX XXXX 1010,Synthetic Employer 03,2026-08-03
APP-0011,APP-0011-DOC-02,applications/app-0011/app-0011-doc-02-bank_statement.pdf,bank_statement,email,PL,BOR-0011,Aditya Bose,Male,TSTAA1010Z,XXXX XXXX 1010,Synthetic Employer 03,2026-08-03
APP-0011,APP-0011-DOC-03,applications/app-0011/app-0011-doc-03-pan_card.pdf,pan_card,email,PL,BOR-0011,Aditya Bose,Male,TSTAA1010Z,XXXX XXXX 1010,Synthetic Employer 03,2026-08-03
APP-0011,APP-0011-DOC-04,applications/app-0011/app-0011-doc-04-aadhaar_card.pdf,aadhaar_card,email,PL,BOR-0011,Aditya Bose,Male,TSTAA1010Z,XXXX XXXX 1010,Synthetic Employer 03,2026-08-03
APP-0011,APP-0011-DOC-05,applications/app-0011/app-0011-doc-05-passport_photo.pdf,passport_photo,email,PL,BOR-0011,Aditya Bose,Male,TSTAA1010Z,XXXX XXXX 1010,Synthetic Employer 03,2026-08-03
APP-0012,APP-0012-DOC-01,applications/app-0012/app-0012-doc-01-salary_slip.pdf,salary_slip,email,PL,BOR-0012,Ananya Pillai,Female,TSTAA1011Z,XXXX XXXX 1011,Synthetic Employer 04,2026-08-04
APP-0012,APP-0012-DOC-02,applications/app-0012/app-0012-doc-02-bank_statement.pdf,bank_statement,email,PL,BOR-0012,Ananya Pillai,Female,TSTAA1011Z,XXXX XXXX 1011,Synthetic Employer 04,2026-08-04
APP-0012,APP-0012-DOC-03,applications/app-0012/app-0012-doc-03-pan_card.pdf,pan_card,email,PL,BOR-0012,Ananya Pillai,Female,TSTAA1011Z,XXXX XXXX 1011,Synthetic Employer 04,2026-08-04
APP-0012,APP-0012-DOC-04,applications/app-0012/app-0012-doc-04-aadhaar_card.pdf,aadhaar_card,email,PL,BOR-0012,Ananya Pillai,Female,TSTAA1011Z,XXXX XXXX 1011,Synthetic Employer 04,2026-08-04
APP-0012,APP-0012-DOC-05,applications/app-0012/app-0012-doc-05-passport_photo.pdf,passport_photo,email,PL,BOR-0012,Ananya Pillai,Female,TSTAA1011Z,XXXX XXXX 1011,Synthetic Employer 04,2026-08-04
APP-0013,APP-0013-DOC-01,applications/app-0013/app-0013-doc-01-salary_slip.pdf,salary_slip,email,PL,BOR-0013,Suresh Bhat,Male,TSTAA1012Z,XXXX XXXX 1012,Synthetic Employer 01,2026-08-05
APP-0013,APP-0013-DOC-02,applications/app-0013/app-0013-doc-02-bank_statement.pdf,bank_statement,email,PL,BOR-0013,Suresh Bhat,Male,TSTAA1012Z,XXXX XXXX 1012,Synthetic Employer 01,2026-08-05
APP-0013,APP-0013-DOC-03,applications/app-0013/app-0013-doc-03-pan_card.pdf,pan_card,email,PL,BOR-0013,Suresh Bhat,Male,TSTAA1012Z,XXXX XXXX 1012,Synthetic Employer 01,2026-08-05
APP-0013,APP-0013-DOC-04,applications/app-0013/app-0013-doc-04-aadhaar_card.pdf,aadhaar_card,email,PL,BOR-0013,Suresh Bhat,Male,TSTAA1012Z,XXXX XXXX 1012,Synthetic Employer 01,2026-08-05
APP-0013,APP-0013-DOC-05,applications/app-0013/app-0013-doc-05-passport_photo.pdf,passport_photo,email,PL,BOR-0013,Suresh Bhat,Male,TSTAA1012Z,XXXX XXXX 1012,Synthetic Employer 01,2026-08-05
APP-0014,APP-0014-DOC-01,applications/app-0014/app-0014-doc-01-salary_slip.pdf,salary_slip,email,PL,BOR-0014,Divya Kapoor,Female,TSTAA1013Z,XXXX XXXX 1013,Synthetic Employer 02,2026-08-06
APP-0014,APP-0014-DOC-02,applications/app-0014/app-0014-doc-02-bank_statement.pdf,bank_statement,email,PL,BOR-0014,Divya Kapoor,Female,TSTAA1013Z,XXXX XXXX 1013,Synthetic Employer 02,2026-08-06
APP-0014,APP-0014-DOC-03,applications/app-0014/app-0014-doc-03-pan_card.pdf,pan_card,email,PL,BOR-0014,Divya Kapoor,Female,TSTAA1013Z,XXXX XXXX 1013,Synthetic Employer 02,2026-08-06
APP-0014,APP-0014-DOC-04,applications/app-0014/app-0014-doc-04-aadhaar_card.pdf,aadhaar_card,email,PL,BOR-0014,Divya Kapoor,Female,TSTAA1013Z,XXXX XXXX 1013,Synthetic Employer 02,2026-08-06
APP-0014,APP-0014-DOC-05,applications/app-0014/app-0014-doc-05-passport_photo.pdf,passport_photo,email,PL,BOR-0014,Divya Kapoor,Female,TSTAA1013Z,XXXX XXXX 1013,Synthetic Employer 02,2026-08-06
APP-0015,APP-0015-DOC-01,applications/app-0015/app-0015-doc-01-salary_slip.pdf,salary_slip,los_upload,PL,BOR-0015,Nikhil Varma,Male,TSTAA1014Z,XXXX XXXX 1014,Synthetic Employer 03,2026-08-07
APP-0015,APP-0015-DOC-02,applications/app-0015/app-0015-doc-02-bank_statement.pdf,bank_statement,los_upload,PL,BOR-0015,Nikhil Varma,Male,TSTAA1014Z,XXXX XXXX 1014,Synthetic Employer 03,2026-08-07
APP-0015,APP-0015-DOC-03,applications/app-0015/app-0015-doc-03-pan_card.pdf,pan_card,los_upload,PL,BOR-0015,Nikhil Varma,Male,TSTAA1014Z,XXXX XXXX 1014,Synthetic Employer 03,2026-08-07
APP-0015,APP-0015-DOC-04,applications/app-0015/app-0015-doc-04-aadhaar_card.pdf,aadhaar_card,los_upload,PL,BOR-0015,Nikhil Varma,Male,TSTAA1014Z,XXXX XXXX 1014,Synthetic Employer 03,2026-08-07
APP-0015,APP-0015-DOC-05,applications/app-0015/app-0015-doc-05-passport_photo.pdf,passport_photo,los_upload,PL,BOR-0015,Nikhil Varma,Male,TSTAA1014Z,XXXX XXXX 1014,Synthetic Employer 03,2026-08-07
APP-0016,APP-0016-DOC-01,applications/app-0016/app-0016-doc-01-salary_slip.pdf,salary_slip,los_upload,PL,BOR-0016,Lakshmi Krishnan,Female,TSTAA1015Z,XXXX XXXX 1015,Synthetic Employer 04,2026-08-08
APP-0016,APP-0016-DOC-02,applications/app-0016/app-0016-doc-02-bank_statement.pdf,bank_statement,los_upload,PL,BOR-0016,Lakshmi Krishnan,Female,TSTAA1015Z,XXXX XXXX 1015,Synthetic Employer 04,2026-08-08
APP-0016,APP-0016-DOC-03,applications/app-0016/app-0016-doc-03-pan_card.pdf,pan_card,los_upload,PL,BOR-0016,Lakshmi Krishnan,Female,TSTAA1015Z,XXXX XXXX 1015,Synthetic Employer 04,2026-08-08
APP-0016,APP-0016-DOC-04,applications/app-0016/app-0016-doc-04-aadhaar_card.pdf,aadhaar_card,los_upload,PL,BOR-0016,Lakshmi Krishnan,Female,TSTAA1015Z,XXXX XXXX 1015,Synthetic Employer 04,2026-08-08
APP-0016,APP-0016-DOC-05,applications/app-0016/app-0016-doc-05-passport_photo.pdf,passport_photo,los_upload,PL,BOR-0016,Lakshmi Krishnan,Female,TSTAA1015Z,XXXX XXXX 1015,Synthetic Employer 04,2026-08-08
APP-0017,APP-0017-DOC-01,applications/app-0017/app-0017-doc-01-salary_slip.pdf,salary_slip,portal,PL,BOR-0017,Manish Gupta,Male,TSTAA1016Z,XXXX XXXX 1016,Synthetic Employer 01,2026-08-09
APP-0017,APP-0017-DOC-02,applications/app-0017/app-0017-doc-02-bank_statement.pdf,bank_statement,portal,PL,BOR-0017,Manish Gupta,Male,TSTAA1016Z,XXXX XXXX 1016,Synthetic Employer 01,2026-08-09
APP-0017,APP-0017-DOC-03,applications/app-0017/app-0017-doc-03-pan_card.pdf,pan_card,portal,PL,BOR-0017,Manish Gupta,Male,TSTAA1016Z,XXXX XXXX 1016,Synthetic Employer 01,2026-08-09
APP-0017,APP-0017-DOC-04,applications/app-0017/app-0017-doc-04-aadhaar_card.pdf,aadhaar_card,portal,PL,BOR-0017,Manish Gupta,Male,TSTAA1016Z,XXXX XXXX 1016,Synthetic Employer 01,2026-08-09
APP-0017,APP-0017-DOC-05,applications/app-0017/app-0017-doc-05-passport_photo.pdf,passport_photo,portal,PL,BOR-0017,Manish Gupta,Male,TSTAA1016Z,XXXX XXXX 1016,Synthetic Employer 01,2026-08-09
APP-0018,APP-0018-DOC-01,applications/app-0018/app-0018-doc-01-salary_slip.pdf,salary_slip,email,PL,BOR-0018,Rhea Thomas,Female,TSTAA1017Z,XXXX XXXX 1017,Synthetic Employer 02,2026-08-10
APP-0018,APP-0018-DOC-02,applications/app-0018/app-0018-doc-02-bank_statement.pdf,bank_statement,email,PL,BOR-0018,Rhea Thomas,Female,TSTAA1017Z,XXXX XXXX 1017,Synthetic Employer 02,2026-08-10
APP-0018,APP-0018-DOC-03,applications/app-0018/app-0018-doc-03-pan_card.pdf,pan_card,email,PL,BOR-0018,Rhea Thomas,Female,TSTAA1017Z,XXXX XXXX 1017,Synthetic Employer 02,2026-08-10
APP-0018,APP-0018-DOC-04,applications/app-0018/app-0018-doc-04-aadhaar_card.pdf,aadhaar_card,email,PL,BOR-0018,Rhea Thomas,Female,TSTAA1017Z,XXXX XXXX 1017,Synthetic Employer 02,2026-08-10
APP-0018,APP-0018-DOC-05,applications/app-0018/app-0018-doc-05-passport_photo.pdf,passport_photo,email,PL,BOR-0018,Rhea Thomas,Female,TSTAA1017Z,XXXX XXXX 1017,Synthetic Employer 02,2026-08-10
APP-0019,APP-0019-DOC-01,applications/app-0019/app-0019-doc-01-salary_slip.pdf,salary_slip,los_upload,PL,BOR-0019,Sanjay Patil,Male,TSTAA1018Z,XXXX XXXX 1018,Synthetic Employer 03,2026-08-11
APP-0019,APP-0019-DOC-02,applications/app-0019/app-0019-doc-02-bank_statement.pdf,bank_statement,los_upload,PL,BOR-0019,Sanjay Patil,Male,TSTAA1018Z,XXXX XXXX 1018,Synthetic Employer 03,2026-08-11
APP-0019,APP-0019-DOC-03,applications/app-0019/app-0019-doc-03-pan_card.pdf,pan_card,los_upload,PL,BOR-0019,Sanjay Patil,Male,TSTAA1018Z,XXXX XXXX 1018,Synthetic Employer 03,2026-08-11
APP-0019,APP-0019-DOC-04,applications/app-0019/app-0019-doc-04-aadhaar_card.pdf,aadhaar_card,los_upload,PL,BOR-0019,Sanjay Patil,Male,TSTAA1018Z,XXXX XXXX 1018,Synthetic Employer 03,2026-08-11
APP-0019,APP-0019-DOC-05,applications/app-0019/app-0019-doc-05-passport_photo.pdf,passport_photo,los_upload,PL,BOR-0019,Sanjay Patil,Male,TSTAA1018Z,XXXX XXXX 1018,Synthetic Employer 03,2026-08-11
APP-0020,APP-0020-DOC-01,applications/app-0020/app-0020-doc-01-salary_slip.pdf,salary_slip,email,PL,BOR-0020,Pooja Shetty,Female,TSTAA1019Z,XXXX XXXX 1019,Synthetic Employer 04,2026-08-12
APP-0020,APP-0020-DOC-02,applications/app-0020/app-0020-doc-02-bank_statement.pdf,bank_statement,email,PL,BOR-0020,Pooja Shetty,Female,TSTAA1019Z,XXXX XXXX 1019,Synthetic Employer 04,2026-08-12
APP-0020,APP-0020-DOC-03,applications/app-0020/app-0020-doc-03-pan_card.pdf,pan_card,email,PL,BOR-0020,Pooja Shetty,Female,TSTAA1019Z,XXXX XXXX 1019,Synthetic Employer 04,2026-08-12
APP-0020,APP-0020-DOC-04,applications/app-0020/app-0020-doc-04-aadhaar_card.pdf,aadhaar_card,email,PL,BOR-0020,Pooja Shetty,Female,TSTAA1019Z,XXXX XXXX 1019,Synthetic Employer 04,2026-08-12
APP-0020,APP-0020-DOC-05,applications/app-0020/app-0020-doc-05-passport_photo.pdf,passport_photo,email,PL,BOR-0020,Pooja Shetty,Female,TSTAA1019Z,XXXX XXXX 1019,Synthetic Employer 04,2026-08-12
APP-0021,APP-0021-DOC-01,applications/app-0021/app-0021-doc-01-salary_slip.pdf,salary_slip,los_upload,PL,BOR-0021,Naveen George,Male,TSTAA1020Z,XXXX XXXX 1020,Synthetic Employer 01,2026-08-13
APP-0021,APP-0021-DOC-02,applications/app-0021/app-0021-doc-02-bank_statement.pdf,bank_statement,los_upload,PL,BOR-0021,Naveen George,Male,TSTAA1020Z,XXXX XXXX 1020,Synthetic Employer 01,2026-08-13
APP-0021,APP-0021-DOC-03,applications/app-0021/app-0021-doc-03-pan_card.pdf,pan_card,los_upload,PL,BOR-0021,Naveen George,Male,TSTAA1020Z,XXXX XXXX 1020,Synthetic Employer 01,2026-08-13
APP-0021,APP-0021-DOC-04,applications/app-0021/app-0021-doc-04-aadhaar_card.pdf,aadhaar_card,los_upload,PL,BOR-0021,Naveen George,Male,TSTAA1020Z,XXXX XXXX 1020,Synthetic Employer 01,2026-08-13
APP-0021,APP-0021-DOC-05,applications/app-0021/app-0021-doc-05-passport_photo.pdf,passport_photo,los_upload,PL,BOR-0021,Naveen George,Male,TSTAA1020Z,XXXX XXXX 1020,Synthetic Employer 01,2026-08-13
APP-0022,APP-0022-DOC-01,applications/app-0022/app-0022-doc-01-salary_slip.pdf,salary_slip,portal,PL,BOR-0022,Sneha Mukherjee,Female,TSTAA1021Z,XXXX XXXX 1021,Synthetic Employer 02,2026-08-14
APP-0022,APP-0022-DOC-02,applications/app-0022/app-0022-doc-02-bank_statement.pdf,bank_statement,portal,PL,BOR-0022,Sneha Mukherjee,Female,TSTAA1021Z,XXXX XXXX 1021,Synthetic Employer 02,2026-08-14
APP-0022,APP-0022-DOC-03,applications/app-0022/app-0022-doc-03-pan_card.pdf,pan_card,portal,PL,BOR-0022,Sneha Mukherjee,Female,TSTAA1021Z,XXXX XXXX 1021,Synthetic Employer 02,2026-08-14
APP-0022,APP-0022-DOC-04,applications/app-0022/app-0022-doc-04-aadhaar_card.pdf,aadhaar_card,portal,PL,BOR-0022,Sneha Mukherjee,Female,TSTAA1021Z,XXXX XXXX 1021,Synthetic Employer 02,2026-08-14
APP-0022,APP-0022-DOC-05,applications/app-0022/app-0022-doc-05-passport_photo.pdf,passport_photo,portal,PL,BOR-0022,Sneha Mukherjee,Female,TSTAA1021Z,XXXX XXXX 1021,Synthetic Employer 02,2026-08-14
APP-0023,APP-0023-DOC-01,applications/app-0023/app-0023-doc-01-salary_slip.pdf,salary_slip,portal,PL,BOR-0023,Deepak Sinha,Male,TSTAA1022Z,XXXX XXXX 1022,Synthetic Employer 03,2026-08-15
APP-0023,APP-0023-DOC-02,applications/app-0023/app-0023-doc-02-bank_statement.pdf,bank_statement,portal,PL,BOR-0023,Deepak Sinha,Male,TSTAA1022Z,XXXX XXXX 1022,Synthetic Employer 03,2026-08-15
APP-0023,APP-0023-DOC-03,applications/app-0023/app-0023-doc-03-pan_card.pdf,pan_card,portal,PL,BOR-0023,Deepak Sinha,Male,TSTAA1022Z,XXXX XXXX 1022,Synthetic Employer 03,2026-08-15
APP-0023,APP-0023-DOC-04,applications/app-0023/app-0023-doc-04-aadhaar_card.pdf,aadhaar_card,portal,PL,BOR-0023,Deepak Sinha,Male,TSTAA1022Z,XXXX XXXX 1022,Synthetic Employer 03,2026-08-15
APP-0023,APP-0023-DOC-05,applications/app-0023/app-0023-doc-05-passport_photo.pdf,passport_photo,portal,PL,BOR-0023,Deepak Sinha,Male,TSTAA1022Z,XXXX XXXX 1022,Synthetic Employer 03,2026-08-15
APP-0024,APP-0024-DOC-01,applications/app-0024/app-0024-doc-01-salary_slip.pdf,salary_slip,email,PL,BOR-0024,Priyanka Rao,Female,TSTAA1023Z,XXXX XXXX 1023,Synthetic Employer 04,2026-08-16
APP-0024,APP-0024-DOC-02,applications/app-0024/app-0024-doc-02-bank_statement.pdf,bank_statement,email,PL,BOR-0024,Priyanka Rao,Female,TSTAA1023Z,XXXX XXXX 1023,Synthetic Employer 04,2026-08-16
APP-0024,APP-0024-DOC-03,applications/app-0024/app-0024-doc-03-pan_card.pdf,pan_card,email,PL,BOR-0024,Priyanka Rao,Female,TSTAA1023Z,XXXX XXXX 1023,Synthetic Employer 04,2026-08-16
APP-0024,APP-0024-DOC-04,applications/app-0024/app-0024-doc-04-aadhaar_card.pdf,aadhaar_card,email,PL,BOR-0024,Priyanka Rao,Female,TSTAA1023Z,XXXX XXXX 1023,Synthetic Employer 04,2026-08-16
APP-0024,APP-0024-DOC-05,applications/app-0024/app-0024-doc-05-passport_photo.pdf,passport_photo,email,PL,BOR-0024,Priyanka Rao,Female,TSTAA1023Z,XXXX XXXX 1023,Synthetic Employer 04,2026-08-16
APP-0025,APP-0025-DOC-01,applications/app-0025/app-0025-doc-01-salary_slip.pdf,salary_slip,portal,PL,BOR-0025,Amar Singh,Male,TSTAA1024Z,XXXX XXXX 1024,Synthetic Employer 01,2026-08-17
APP-0025,APP-0025-DOC-02,applications/app-0025/app-0025-doc-02-bank_statement.pdf,bank_statement,portal,PL,BOR-0025,Amar Singh,Male,TSTAA1024Z,XXXX XXXX 1024,Synthetic Employer 01,2026-08-17
APP-0025,APP-0025-DOC-03,applications/app-0025/app-0025-doc-03-pan_card.pdf,pan_card,portal,PL,BOR-0025,Amar Singh,Male,TSTAA1024Z,XXXX XXXX 1024,Synthetic Employer 01,2026-08-17
APP-0025,APP-0025-DOC-04,applications/app-0025/app-0025-doc-04-aadhaar_card.pdf,aadhaar_card,portal,PL,BOR-0025,Amar Singh,Male,TSTAA1024Z,XXXX XXXX 1024,Synthetic Employer 01,2026-08-17
APP-0025,APP-0025-DOC-05,applications/app-0025/app-0025-doc-05-passport_photo.pdf,passport_photo,portal,PL,BOR-0025,Amar Singh,Male,TSTAA1024Z,XXXX XXXX 1024,Synthetic Employer 01,2026-08-17
APP-0026,APP-0026-DOC-01,applications/app-0026/app-0026-doc-01-salary_slip.pdf,salary_slip,los_upload,PL,BOR-0026,Shalini Nair,Female,TSTAA1025Z,XXXX XXXX 1025,Synthetic Employer 02,2026-08-18
APP-0026,APP-0026-DOC-02,applications/app-0026/app-0026-doc-02-bank_statement.pdf,bank_statement,los_upload,PL,BOR-0026,Shalini Nair,Female,TSTAA1025Z,XXXX XXXX 1025,Synthetic Employer 02,2026-08-18
APP-0026,APP-0026-DOC-03,applications/app-0026/app-0026-doc-03-pan_card.pdf,pan_card,los_upload,PL,BOR-0026,Shalini Nair,Female,TSTAA1025Z,XXXX XXXX 1025,Synthetic Employer 02,2026-08-18
APP-0026,APP-0026-DOC-04,applications/app-0026/app-0026-doc-04-aadhaar_card.pdf,aadhaar_card,los_upload,PL,BOR-0026,Shalini Nair,Female,TSTAA1025Z,XXXX XXXX 1025,Synthetic Employer 02,2026-08-18
APP-0026,APP-0026-DOC-05,applications/app-0026/app-0026-doc-05-passport_photo.pdf,passport_photo,los_upload,PL,BOR-0026,Shalini Nair,Female,TSTAA1025Z,XXXX XXXX 1025,Synthetic Employer 02,2026-08-18
APP-0027,APP-0027-DOC-01,applications/app-0027/app-0027-doc-01-salary_slip.pdf,salary_slip,email,PL,BOR-0027,Ramesh Iyer,Male,TSTAA1026Z,XXXX XXXX 1026,Synthetic Employer 03,2026-08-19
APP-0027,APP-0027-DOC-02,applications/app-0027/app-0027-doc-02-bank_statement.pdf,bank_statement,email,PL,BOR-0027,Ramesh Iyer,Male,TSTAA1026Z,XXXX XXXX 1026,Synthetic Employer 03,2026-08-19
APP-0027,APP-0027-DOC-03,applications/app-0027/app-0027-doc-03-pan_card.pdf,pan_card,email,PL,BOR-0027,Ramesh Iyer,Male,TSTAA1026Z,XXXX XXXX 1026,Synthetic Employer 03,2026-08-19
APP-0027,APP-0027-DOC-04,applications/app-0027/app-0027-doc-04-aadhaar_card.pdf,aadhaar_card,email,PL,BOR-0027,Ramesh Iyer,Male,TSTAA1026Z,XXXX XXXX 1026,Synthetic Employer 03,2026-08-19
APP-0027,APP-0027-DOC-05,applications/app-0027/app-0027-doc-05-passport_photo.pdf,passport_photo,email,PL,BOR-0027,Ramesh Iyer,Male,TSTAA1026Z,XXXX XXXX 1026,Synthetic Employer 03,2026-08-19
APP-0028,APP-0028-DOC-01,applications/app-0028/app-0028-doc-01-salary_slip.pdf,salary_slip,email,PL,BOR-0028,Nandita Das,Female,TSTAA1027Z,XXXX XXXX 1027,Synthetic Employer 04,2026-08-20
APP-0028,APP-0028-DOC-02,applications/app-0028/app-0028-doc-02-bank_statement.pdf,bank_statement,email,PL,BOR-0028,Nandita Das,Female,TSTAA1027Z,XXXX XXXX 1027,Synthetic Employer 04,2026-08-20
APP-0028,APP-0028-DOC-03,applications/app-0028/app-0028-doc-03-pan_card.pdf,pan_card,email,PL,BOR-0028,Nandita Das,Female,TSTAA1027Z,XXXX XXXX 1027,Synthetic Employer 04,2026-08-20
APP-0028,APP-0028-DOC-04,applications/app-0028/app-0028-doc-04-aadhaar_card.pdf,aadhaar_card,email,PL,BOR-0028,Nandita Das,Female,TSTAA1027Z,XXXX XXXX 1027,Synthetic Employer 04,2026-08-20
APP-0028,APP-0028-DOC-05,applications/app-0028/app-0028-doc-05-passport_photo.pdf,passport_photo,email,PL,BOR-0028,Nandita Das,Female,TSTAA1027Z,XXXX XXXX 1027,Synthetic Employer 04,2026-08-20
APP-0029,APP-0029-DOC-01,applications/app-0029/app-0029-doc-01-salary_slip.pdf,salary_slip,portal,PL,BOR-0029,Mohan Joshi,Male,TSTAA1028Z,XXXX XXXX 1028,Synthetic Employer 01,2026-08-21
APP-0029,APP-0029-DOC-02,applications/app-0029/app-0029-doc-02-bank_statement.pdf,bank_statement,portal,PL,BOR-0029,Mohan Joshi,Male,TSTAA1028Z,XXXX XXXX 1028,Synthetic Employer 01,2026-08-21
APP-0029,APP-0029-DOC-03,applications/app-0029/app-0029-doc-03-pan_card.pdf,pan_card,portal,PL,BOR-0029,Mohan Joshi,Male,TSTAA1028Z,XXXX XXXX 1028,Synthetic Employer 01,2026-08-21
APP-0029,APP-0029-DOC-04,applications/app-0029/app-0029-doc-04-aadhaar_card.pdf,aadhaar_card,portal,PL,BOR-0029,Mohan Joshi,Male,TSTAA1028Z,XXXX XXXX 1028,Synthetic Employer 01,2026-08-21
APP-0029,APP-0029-DOC-05,applications/app-0029/app-0029-doc-05-passport_photo.pdf,passport_photo,portal,PL,BOR-0029,Mohan Joshi,Male,TSTAA1028Z,XXXX XXXX 1028,Synthetic Employer 01,2026-08-21
APP-0030,APP-0030-DOC-01,applications/app-0030/app-0030-doc-01-salary_slip.pdf,salary_slip,los_upload,PL,BOR-0030,Geeta Menon,Female,TSTAA1029Z,XXXX XXXX 1029,Synthetic Employer 02,2026-08-22
APP-0030,APP-0030-DOC-02,applications/app-0030/app-0030-doc-02-bank_statement.pdf,bank_statement,los_upload,PL,BOR-0030,Geeta Menon,Female,TSTAA1029Z,XXXX XXXX 1029,Synthetic Employer 02,2026-08-22
APP-0030,APP-0030-DOC-03,applications/app-0030/app-0030-doc-03-pan_card.pdf,pan_card,los_upload,PL,BOR-0030,Geeta Menon,Female,TSTAA1029Z,XXXX XXXX 1029,Synthetic Employer 02,2026-08-22
APP-0030,APP-0030-DOC-04,applications/app-0030/app-0030-doc-04-aadhaar_card.pdf,aadhaar_card,los_upload,PL,BOR-0030,Geeta Menon,Female,TSTAA1029Z,XXXX XXXX 1029,Synthetic Employer 02,2026-08-22
APP-0030,APP-0030-DOC-05,applications/app-0030/app-0030-doc-05-passport_photo.pdf,passport_photo,los_upload,PL,BOR-0030,Geeta Menon,Female,TSTAA1029Z,XXXX XXXX 1029,Synthetic Employer 02,2026-08-22
