application_id,product,borrower_id,employer_name,keyed_monthly_income,keyed_pay_frequency,keyed_pay_period_end,submitted_at
APP-0001,PL,BOR-0001,Synthetic Employer 01,48000,monthly,2026-07-24,2026-08-13T12:00:00.000Z
APP-0002,PL,BOR-0002,Synthetic Employer 02,51250,monthly,2026-07-25,2026-08-14T12:00:00.000Z
APP-0003,PL,BOR-0003,Synthetic Employer 03,54500,monthly,2026-04-17,2026-08-15T12:00:00.000Z
APP-0004,PL,BOR-0004,Synthetic Employer 04,65250,monthly,2026-07-27,2026-08-16T12:00:00.000Z
APP-0005,PL,BOR-0005,Synthetic Employer 01,61000,biweekly,2026-07-28,2026-08-17T12:00:00.000Z
APP-0006,PL,BOR-0006,Synthetic Employer 02,64250,monthly,2026-08-12,2026-08-18T12:00:00.000Z
APP-0007,PL,BOR-0007,Synthetic Employer 03,67500,monthly,2026-07-30,2026-08-19T12:00:00.000Z
APP-0008,PL,BOR-0008,Synthetic Employer 04,70750,monthly,2026-07-31,2026-08-20T12:00:00.000Z
APP-0009,PL,BOR-0009,Synthetic Employer 01,74000,monthly,2026-08-01,2026-08-21T12:00:00.000Z
APP-0010,PL,BOR-0010,Synthetic Employer 02,77250,monthly,2026-08-02,2026-08-22T12:00:00.000Z
APP-0011,PL,BOR-0011,Synthetic Employer 03,80500,monthly,2026-08-03,2026-08-23T12:00:00.000Z
APP-0012,PL,BOR-0012,Synthetic Employer 04,83750,monthly,2026-08-04,2026-08-24T12:00:00.000Z
APP-0013,PL,BOR-0013,Synthetic Employer 01,87000,monthly,2026-08-05,2026-08-25T12:00:00.000Z
APP-0014,PL,BOR-0014,Synthetic Employer 02,90250,monthly,2026-08-06,2026-08-26T12:00:00.000Z
APP-0015,PL,BOR-0015,Synthetic Employer 03,93500,monthly,2026-08-07,2026-08-27T12:00:00.000Z
APP-0016,PL,BOR-0016,Synthetic Employer 04,96750,monthly,2026-08-08,2026-08-28T12:00:00.000Z
APP-0017,PL,BOR-0017,Synthetic Employer 01,100000,monthly,2026-08-09,2026-08-29T12:00:00.000Z
APP-0018,PL,BOR-0018,Synthetic Employer 02,103250,monthly,2026-08-10,2026-08-30T12:00:00.000Z
APP-0019,PL,BOR-0019,Synthetic Employer 03,106500,monthly,2026-08-11,2026-08-31T12:00:00.000Z
APP-0020,PL,BOR-0020,Synthetic Employer 04,109750,monthly,2026-08-12,2026-09-01T12:00:00.000Z
APP-0021,PL,BOR-0021,Synthetic Employer 01,113000,monthly,2026-08-13,2026-09-02T12:00:00.000Z
APP-0022,PL,BOR-0022,Synthetic Employer 02,116250,monthly,2026-08-14,2026-09-03T12:00:00.000Z
APP-0023,PL,BOR-0023,Synthetic Employer 03,119500,monthly,2026-08-15,2026-09-04T12:00:00.000Z
APP-0024,PL,BOR-0024,Synthetic Employer 04,122750,monthly,2026-08-16,2026-09-05T12:00:00.000Z
APP-0025,PL,BOR-0025,Synthetic Employer 01,126000,monthly,2026-08-17,2026-09-06T12:00:00.000Z
APP-0026,PL,BOR-0026,Synthetic Employer 02,129250,monthly,2026-08-18,2026-09-07T12:00:00.000Z
APP-0027,PL,BOR-0027,Synthetic Employer 03,132500,monthly,2026-08-19,2026-09-08T12:00:00.000Z
APP-0028,PL,BOR-0028,Synthetic Employer 04,135750,monthly,2026-08-20,2026-09-09T12:00:00.000Z
APP-0029,PL,BOR-0029,Synthetic Employer 01,139000,monthly,2026-08-21,2026-09-10T12:00:00.000Z
APP-0030,PL,BOR-0030,Synthetic Employer 02,142250,monthly,2026-08-22,2026-09-11T12:00:00.000Z
